,,,,,,,,,,,,,,,
,,,,,,,,,,,,,,,
,,,,,,,Vehicle Registration Details,,,,,,,,
,,,,,,,,,,,,,,Date :,04/06/2015 11.30 
,,,,,,,,,,,,,,,
,,,,,Book Serial NO:,,,,,,,,,,
,,,Vehicle NO:,,,,,,Safe Custody NO:,,,Client Name :,,,
,,,,0000,,tes45,,,,,TEST1,,tester,,
,,1,,,,,,,,,,,,,
,,,,123456,,123456,,,,,123456,,PRIYANTHA,,
,,2,,,,,,,,,,,,,
,,,,15 SRI 4028,,I 0012',,,,,I 2005,,K A I KURUPPU,,
,,3,,,,,,,,,,,,,
,,,,2323,,2323,,,,,2323,,2323,,
,,4,,,,,,,,,,,,,
,,,,3500,,tes45,,,,,TEST1,,tester,,
,,5,,,,,,,,,,,,,
,,,,3501,,tes45,,,,,TEST1,,tester,,
,,6,,,,,,,,,,,,,
,,,,3502,,tes45,,,,,TEST1,,tester,,
,,7,,,,,,,,,,,,,
,,,,3503,,tes45,,,,,TEST1,,tester,,
,,8,,,,,,,,,,,,,
,,,,3504,,tes45,,,,,TEST1,,tester,,
,,9,,,,,,,,,,,,,
,,,,3505,,tes45,,,,,TEST1,,tester,,
,,10,,,,,,,,,,,,,
,,,,3506,,tes45,,,,,TEST1,,tester,,
,,11,,,,,,,,,,,,,
,,,,3507,,tes45,,,,,TEST1,,tester,,
,,12,,,,,,,,,,,,,
,,,,3508,,tes45,,,,,TEST1,,tester,,
,,13,,,,,,,,,,,,,
,,,,3509,,tes45,,,,,TEST1,,tester,,
,,14,,,,,,,,,,,,,
,,,,3510,,tes45,,,,,TEST1,,tester,,
,,15,,,,,,,,,,,,,
,,,,3511,,tes45,,,,,TEST1,,tester,,
,,16,,,,,,,,,,,,,
,,,,3512,,tes45,,,,,TEST1,,tester,,
,,17,,,,,,,,,,,,,
,,,,3513,,tes45,,,,,TEST1,,tester,,
,,18,,,,,,,,,,,,,
,,,,3514,,tes45,,,,,TEST1,,tester,,
,,19,,,,,,,,,,,,,
,,,,3515,,tes45,,,,,TEST1,,tester,,
,,20,,,,,,,,,,,,,
,,,,3516,,tes45,,,,,TEST1,,tester,,
,,21,,,,,,,,,,,,,
,,,,3517,,tes45,,,,,TEST1,,tester,,
,,22,,,,,,,,,,,,,
,,,,3518,,tes45,,,,,TEST1,,tester,,
,,23,,,,,,,,,,,,,
,,,,3519,,tes45,,,,,TEST1,,tester,,
,,24,,,,,,,,,,,,,
,,,,3520,,tes45,,,,,TEST1,,tester,,
,,25,,,,,,,,,,,,,
,,,,3521,,tes45,,,,,TEST1,,tester,,
,,26,,,,,,,,,,,,,
,,,,,,,,,,,,,,,
,,,,,,,,Page,,1,,,,,
,,,,,,,,,,,,
,,,,,Book Serial NO:,,,,,,,
,,,Vehicle NO:,,,,,Safe Custody NO:,,,Client Name :,
,,,,3522,,tes45,,,,TEST1,,tester
,,27,,,,,,,,,,
,,,,3523,,tes45,,,,TEST1,,tester
,,28,,,,,,,,,,
,,,,3524,,tes45,,,,TEST1,,tester
,,29,,,,,,,,,,
,,,,3525,,tes45,,,,TEST1,,tester
,,30,,,,,,,,,,
,,,,3526,,tes45,,,,TEST1,,tester
,,31,,,,,,,,,,
,,,,3527,,tes45,,,,TEST1,,tester
,,32,,,,,,,,,,
,,,,3528,,tes45,,,,TEST1,,tester
,,33,,,,,,,,,,
,,,,3529,,tes45,,,,TEST1,,tester
,,34,,,,,,,,,,
,,,,3530,,tes45,,,,TEST1,,tester
,,35,,,,,,,,,,
,,,,3531,,tes45,,,,TEST1,,tester
,,36,,,,,,,,,,
,,,,3532,,tes45,,,,TEST1,,tester
,,37,,,,,,,,,,
,,,,3533,,tes45,,,,TEST1,,tester
,,38,,,,,,,,,,
,,,,3534,,tes45,,,,TEST1,,tester
,,39,,,,,,,,,,
,,,,3535,,tes45,,,,TEST1,,tester
,,40,,,,,,,,,,
,,,,3536,,tes45,,,,TEST1,,tester
,,41,,,,,,,,,,
,,,,3537,,tes45,,,,TEST1,,tester
,,42,,,,,,,,,,
,,,,3538,,tes45,,,,TEST1,,tester
,,43,,,,,,,,,,
,,,,3539,,tes45,,,,TEST1,,tester
,,44,,,,,,,,,,
,,,,3540,,tes45,,,,TEST1,,tester
,,45,,,,,,,,,,
,,,,3541,,tes45,,,,TEST1,,tester
,,46,,,,,,,,,,
,,,,3542,,tes45,,,,TEST1,,tester
,,47,,,,,,,,,,
,,,,3543,,tes45,,,,TEST1,,tester
,,48,,,,,,,,,,
,,,,3544,,tes45,,,,TEST1,,tester
,,49,,,,,,,,,,
,,,,3545,,tes45,,,,TEST1,,tester
,,50,,,,,,,,,,
,,,,3546,,tes45,,,,TEST1,,tester
,,51,,,,,,,,,,
,,,,3547,,tes45,,,,TEST1,,tester
,,52,,,,,,,,,,
,,,,3548,,tes45,,,,TEST1,,tester
,,53,,,,,,,,,,
,,,,3549,,tes45,,,,TEST1,,tester
,,54,,,,,,,,,,
,,,,3550,,tes45,,,,TEST1,,tester
,,55,,,,,,,,,,
,,,,,,,,,,,,
,,,,,,,Page,,2,,,
,,,,,,,,,,,,
,,,,,Book Serial NO:,,,,,,,
,,,Vehicle NO:,,,,,Safe Custody NO:,,,Client Name :,
,,,,3551,,tes45,,,,TEST1,,tester
,,56,,,,,,,,,,
,,,,3552,,tes45,,,,TEST1,,tester
,,57,,,,,,,,,,
,,,,3553,,tes45,,,,TEST1,,tester
,,58,,,,,,,,,,
,,,,3554,,tes45,,,,TEST1,,tester
,,59,,,,,,,,,,
,,,,3555,,tes45,,,,TEST1,,tester
,,60,,,,,,,,,,
,,,,3556,,tes45,,,,TEST1,,tester
,,61,,,,,,,,,,
,,,,3557,,tes45,,,,TEST1,,tester
,,62,,,,,,,,,,
,,,,3558,,tes45,,,,TEST1,,tester
,,63,,,,,,,,,,
,,,,3559,,tes45,,,,TEST1,,tester
,,64,,,,,,,,,,
,,,,3560,,tes45,,,,TEST1,,tester
,,65,,,,,,,,,,
,,,,3561,,tes45,,,,TEST1,,tester
,,66,,,,,,,,,,
,,,,3562,,tes45,,,,TEST1,,tester
,,67,,,,,,,,,,
,,,,3563,,tes45,,,,TEST1,,tester
,,68,,,,,,,,,,
,,,,3564,,tes45,,,,TEST1,,tester
,,69,,,,,,,,,,
,,,,3565,,tes45,,,,TEST1,,tester
,,70,,,,,,,,,,
,,,,3566,,tes45,,,,TEST1,,tester
,,71,,,,,,,,,,
,,,,3567,,tes45,,,,TEST1,,tester
,,72,,,,,,,,,,
,,,,3568,,tes45,,,,TEST1,,tester
,,73,,,,,,,,,,
,,,,3569,,tes45,,,,TEST1,,tester
,,74,,,,,,,,,,
,,,,3570,,tes45,,,,TEST1,,tester
,,75,,,,,,,,,,
,,,,3571,,tes45,,,,TEST1,,tester
,,76,,,,,,,,,,
,,,,3572,,tes45,,,,TEST1,,tester
,,77,,,,,,,,,,
,,,,3573,,tes45,,,,TEST1,,tester
,,78,,,,,,,,,,
,,,,3574,,tes45,,,,TEST1,,tester
,,79,,,,,,,,,,
,,,,3575,,tes45,,,,TEST1,,tester
,,80,,,,,,,,,,
,,,,3576,,tes45,,,,TEST1,,tester
,,81,,,,,,,,,,
,,,,3577,,tes45,,,,TEST1,,tester
,,82,,,,,,,,,,
,,,,3578,,tes45,,,,TEST1,,tester
,,83,,,,,,,,,,
,,,,3579,,tes45,,,,TEST1,,tester
,,84,,,,,,,,,,
,,,,,,,,,,,,
,,,,,,,Page,,3,,,
,,,,,,,,,,,,
,,,,,Book Serial NO:,,,,,,,
,,,Vehicle NO:,,,,,Safe Custody NO:,,,Client Name :,
,,,,3580,,tes45,,,,TEST1,,tester
,,85,,,,,,,,,,
,,,,3581,,tes45,,,,TEST1,,tester
,,86,,,,,,,,,,
,,,,3582,,tes45,,,,TEST1,,tester
,,87,,,,,,,,,,
,,,,3583,,tes45,,,,TEST1,,tester
,,88,,,,,,,,,,
,,,,3584,,tes45,,,,TEST1,,tester
,,89,,,,,,,,,,
,,,,3585,,tes45,,,,TEST1,,tester
,,90,,,,,,,,,,
,,,,3586,,tes45,,,,TEST1,,tester
,,91,,,,,,,,,,
,,,,3587,,tes45,,,,TEST1,,tester
,,92,,,,,,,,,,
,,,,3588,,tes45,,,,TEST1,,tester
,,93,,,,,,,,,,
,,,,3589,,tes45,,,,TEST1,,tester
,,94,,,,,,,,,,
,,,,3590,,tes45,,,,TEST1,,tester
,,95,,,,,,,,,,
,,,,3591,,tes45,,,,TEST1,,tester
,,96,,,,,,,,,,
,,,,3592,,tes45,,,,TEST1,,tester
,,97,,,,,,,,,,
,,,,3593,,tes45,,,,TEST1,,tester
,,98,,,,,,,,,,
,,,,3594,,tes45,,,,TEST1,,tester
,,99,,,,,,,,,,
,,,,3595,,tes45,,,,TEST1,,tester
,,100,,,,,,,,,,
,,,,3596,,tes45,,,,TEST1,,tester
,,101,,,,,,,,,,
,,,,3597,,tes45,,,,TEST1,,tester
,,102,,,,,,,,,,
,,,,3598,,tes45,,,,TEST1,,tester
,,103,,,,,,,,,,
,,,,3599,,tes45,,,,TEST1,,tester
,,104,,,,,,,,,,
,,,,3600,,tes45,,,,TEST1,,tester
,,105,,,,,,,,,,
,,,,3601,,tes45,,,,TEST1,,tester
,,106,,,,,,,,,,
,,,,3602,,tes45,,,,TEST1,,tester
,,107,,,,,,,,,,
,,,,3603,,tes45,,,,TEST1,,tester
,,108,,,,,,,,,,
,,,,3604,,tes45,,,,TEST1,,tester
,,109,,,,,,,,,,
,,,,3605,,tes45,,,,TEST1,,tester
,,110,,,,,,,,,,
,,,,3606,,tes45,,,,TEST1,,tester
,,111,,,,,,,,,,
,,,,3607,,tes45,,,,TEST1,,tester
,,112,,,,,,,,,,
,,,,3608,,tes45,,,,TEST1,,tester
,,113,,,,,,,,,,
,,,,,,,,,,,,
,,,,,,,Page,,4,,,
,,,,,,,,,,,,
,,,,,Book Serial NO:,,,,,,,
,,,Vehicle NO:,,,,,Safe Custody NO:,,,Client Name :,
,,,,3609,,tes45,,,,TEST1,,tester
,,114,,,,,,,,,,
,,,,3610,,tes45,,,,TEST1,,tester
,,115,,,,,,,,,,
,,,,3611,,tes45,,,,TEST1,,tester
,,116,,,,,,,,,,
,,,,3612,,tes45,,,,TEST1,,tester
,,117,,,,,,,,,,
,,,,3613,,tes45,,,,TEST1,,tester
,,118,,,,,,,,,,
,,,,3614,,tes45,,,,TEST1,,tester
,,119,,,,,,,,,,
,,,,3615,,tes45,,,,TEST1,,tester
,,120,,,,,,,,,,
,,,,3616,,tes45,,,,TEST1,,tester
,,121,,,,,,,,,,
,,,,3617,,tes45,,,,TEST1,,tester
,,122,,,,,,,,,,
,,,,3618,,tes45,,,,TEST1,,tester
,,123,,,,,,,,,,
,,,,3619,,tes45,,,,TEST1,,tester
,,124,,,,,,,,,,
,,,,3620,,tes45,,,,TEST1,,tester
,,125,,,,,,,,,,
,,,,3621,,tes45,,,,TEST1,,tester
,,126,,,,,,,,,,
,,,,3622,,tes45,,,,TEST1,,tester
,,127,,,,,,,,,,
,,,,3623,,tes45,,,,TEST1,,tester
,,128,,,,,,,,,,
,,,,3624,,tes45,,,,TEST1,,tester
,,129,,,,,,,,,,
,,,,3625,,tes45,,,,TEST1,,tester
,,130,,,,,,,,,,
,,,,3626,,tes45,,,,TEST1,,tester
,,131,,,,,,,,,,
,,,,3627,,tes45,,,,TEST1,,tester
,,132,,,,,,,,,,
,,,,3628,,tes45,,,,TEST1,,tester
,,133,,,,,,,,,,
,,,,3629,,tes45,,,,TEST1,,tester
,,134,,,,,,,,,,
,,,,3630,,tes45,,,,TEST1,,tester
,,135,,,,,,,,,,
,,,,3631,,tes45,,,,TEST1,,tester
,,136,,,,,,,,,,
,,,,3632,,tes45,,,,TEST1,,tester
,,137,,,,,,,,,,
,,,,3633,,tes45,,,,TEST1,,tester
,,138,,,,,,,,,,
,,,,3634,,tes45,,,,TEST1,,tester
,,139,,,,,,,,,,
,,,,3635,,tes45,,,,TEST1,,tester
,,140,,,,,,,,,,
,,,,3636,,tes45,,,,TEST1,,tester
,,141,,,,,,,,,,
,,,,3637,,tes45,,,,TEST1,,tester
,,142,,,,,,,,,,
,,,,,,,,,,,,
,,,,,,,Page,,5,,,
,,,,,,,,,,,,
,,,,,Book Serial NO:,,,,,,,
,,,Vehicle NO:,,,,,Safe Custody NO:,,,Client Name :,
,,,,3638,,tes45,,,,TEST1,,tester
,,143,,,,,,,,,,
,,,,3639,,tes45,,,,TEST1,,tester
,,144,,,,,,,,,,
,,,,3640,,tes45,,,,TEST1,,tester
,,145,,,,,,,,,,
,,,,3641,,tes45,,,,TEST1,,tester
,,146,,,,,,,,,,
,,,,3642,,tes45,,,,TEST1,,tester
,,147,,,,,,,,,,
,,,,3643,,tes45,,,,TEST1,,tester
,,148,,,,,,,,,,
,,,,3644,,tes45,,,,TEST1,,tester
,,149,,,,,,,,,,
,,,,3645,,tes45,,,,TEST1,,tester
,,150,,,,,,,,,,
,,,,3646,,tes45,,,,TEST1,,tester
,,151,,,,,,,,,,
,,,,3647,,tes45,,,,TEST1,,tester
,,152,,,,,,,,,,
,,,,3648,,tes45,,,,TEST1,,tester
,,153,,,,,,,,,,
,,,,3649,,tes45,,,,TEST1,,tester
,,154,,,,,,,,,,
,,,,3650,,tes45,,,,TEST1,,tester
,,155,,,,,,,,,,
,,,,3651,,tes45,,,,TEST1,,tester
,,156,,,,,,,,,,
,,,,3652,,tes45,,,,TEST1,,tester
,,157,,,,,,,,,,
,,,,3653,,tes45,,,,TEST1,,tester
,,158,,,,,,,,,,
,,,,3654,,tes45,,,,TEST1,,tester
,,159,,,,,,,,,,
,,,,3655,,tes45,,,,TEST1,,tester
,,160,,,,,,,,,,
,,,,3656,,tes45,,,,TEST1,,tester
,,161,,,,,,,,,,
,,,,3657,,tes45,,,,TEST1,,tester
,,162,,,,,,,,,,
,,,,3658,,tes45,,,,TEST1,,tester
,,163,,,,,,,,,,
,,,,3659,,tes45,,,,TEST1,,tester
,,164,,,,,,,,,,
,,,,3660,,tes45,,,,TEST1,,tester
,,165,,,,,,,,,,
,,,,3661,,tes45,,,,TEST1,,tester
,,166,,,,,,,,,,
,,,,3662,,tes45,,,,TEST1,,tester
,,167,,,,,,,,,,
,,,,3663,,tes45,,,,TEST1,,tester
,,168,,,,,,,,,,
,,,,3664,,tes45,,,,TEST1,,tester
,,169,,,,,,,,,,
,,,,3665,,tes45,,,,TEST1,,tester
,,170,,,,,,,,,,
,,,,3666,,tes45,,,,TEST1,,tester
,,171,,,,,,,,,,
,,,,,,,,,,,,
,,,,,,,Page,,6,,,
,,,,,,,,,,,,
,,,,,Book Serial NO:,,,,,,,
,,,Vehicle NO:,,,,,Safe Custody NO:,,,Client Name :,
,,,,3667,,tes45,,,,TEST1,,tester
,,172,,,,,,,,,,
,,,,3668,,tes45,,,,TEST1,,tester
,,173,,,,,,,,,,
,,,,3669,,tes45,,,,TEST1,,tester
,,174,,,,,,,,,,
,,,,3670,,tes45,,,,TEST1,,tester
,,175,,,,,,,,,,
,,,,3671,,tes45,,,,TEST1,,tester
,,176,,,,,,,,,,
,,,,3672,,tes45,,,,TEST1,,tester
,,177,,,,,,,,,,
,,,,3673,,tes45,,,,TEST1,,tester
,,178,,,,,,,,,,
,,,,3674,,tes45,,,,TEST1,,tester
,,179,,,,,,,,,,
,,,,3675,,tes45,,,,TEST1,,tester
,,180,,,,,,,,,,
,,,,3676,,tes45,,,,TEST1,,tester
,,181,,,,,,,,,,
,,,,3677,,tes45,,,,TEST1,,tester
,,182,,,,,,,,,,
,,,,3678,,tes45,,,,TEST1,,tester
,,183,,,,,,,,,,
,,,,3679,,tes45,,,,TEST1,,tester
,,184,,,,,,,,,,
,,,,3680,,tes45,,,,TEST1,,tester
,,185,,,,,,,,,,
,,,,3681,,tes45,,,,TEST1,,tester
,,186,,,,,,,,,,
,,,,3682,,tes45,,,,TEST1,,tester
,,187,,,,,,,,,,
,,,,3683,,tes45,,,,TEST1,,tester
,,188,,,,,,,,,,
,,,,3684,,tes45,,,,TEST1,,tester
,,189,,,,,,,,,,
,,,,3685,,tes45,,,,TEST1,,tester
,,190,,,,,,,,,,
,,,,3686,,tes45,,,,TEST1,,tester
,,191,,,,,,,,,,
,,,,3687,,tes45,,,,TEST1,,tester
,,192,,,,,,,,,,
,,,,3688,,tes45,,,,TEST1,,tester
,,193,,,,,,,,,,
,,,,3689,,tes45,,,,TEST1,,tester
,,194,,,,,,,,,,
,,,,3690,,tes45,,,,TEST1,,tester
,,195,,,,,,,,,,
,,,,3691,,tes45,,,,TEST1,,tester
,,196,,,,,,,,,,
,,,,3692,,tes45,,,,TEST1,,tester
,,197,,,,,,,,,,
,,,,3693,,tes45,,,,TEST1,,tester
,,198,,,,,,,,,,
,,,,3694,,tes45,,,,TEST1,,tester
,,199,,,,,,,,,,
,,,,3695,,tes45,,,,TEST1,,tester
,,200,,,,,,,,,,
,,,,,,,,,,,,
,,,,,,,Page,,7,,,
,,,,,,,,,,,,
,,,,,Book Serial NO:,,,,,,,
,,,Vehicle NO:,,,,,Safe Custody NO:,,,Client Name :,
,,,,3696,,tes45,,,,TEST1,,tester
,,201,,,,,,,,,,
,,,,3697,,tes45,,,,TEST1,,tester
,,202,,,,,,,,,,
,,,,3698,,tes45,,,,TEST1,,tester
,,203,,,,,,,,,,
,,,,3699,,tes45,,,,TEST1,,tester
,,204,,,,,,,,,,
,,,,3700,,tes45,,,,TEST1,,tester
,,205,,,,,,,,,,
,,,,3701,,tes45,,,,TEST1,,tester
,,206,,,,,,,,,,
,,,,3702,,tes45,,,,TEST1,,tester
,,207,,,,,,,,,,
,,,,3703,,tes45,,,,TEST1,,tester
,,208,,,,,,,,,,
,,,,3704,,tes45,,,,TEST1,,tester
,,209,,,,,,,,,,
,,,,3705,,tes45,,,,TEST1,,tester
,,210,,,,,,,,,,
,,,,3706,,tes45,,,,TEST1,,tester
,,211,,,,,,,,,,
,,,,3707,,tes45,,,,TEST1,,tester
,,212,,,,,,,,,,
,,,,3708,,tes45,,,,TEST1,,tester
,,213,,,,,,,,,,
,,,,3709,,tes45,,,,TEST1,,tester
,,214,,,,,,,,,,
,,,,3710,,tes45,,,,TEST1,,tester
,,215,,,,,,,,,,
,,,,3711,,tes45,,,,TEST1,,tester
,,216,,,,,,,,,,
,,,,3712,,tes45,,,,TEST1,,tester
,,217,,,,,,,,,,
,,,,3713,,tes45,,,,TEST1,,tester
,,218,,,,,,,,,,
,,,,3714,,tes45,,,,TEST1,,tester
,,219,,,,,,,,,,
,,,,3715,,tes45,,,,TEST1,,tester
,,220,,,,,,,,,,
,,,,3716,,tes45,,,,TEST1,,tester
,,221,,,,,,,,,,
,,,,3717,,tes45,,,,TEST1,,tester
,,222,,,,,,,,,,
,,,,3718,,tes45,,,,TEST1,,tester
,,223,,,,,,,,,,
,,,,3719,,tes45,,,,TEST1,,tester
,,224,,,,,,,,,,
,,,,3720,,tes45,,,,TEST1,,tester
,,225,,,,,,,,,,
,,,,3721,,tes45,,,,TEST1,,tester
,,226,,,,,,,,,,
,,,,3722,,tes45,,,,TEST1,,tester
,,227,,,,,,,,,,
,,,,3723,,tes45,,,,TEST1,,tester
,,228,,,,,,,,,,
,,,,3724,,tes45,,,,TEST1,,tester
,,229,,,,,,,,,,
,,,,,,,,,,,,
,,,,,,,Page,,8,,,
,,,,,,,,,,,,
,,,,,Book Serial NO:,,,,,,,
,,,Vehicle NO:,,,,,Safe Custody NO:,,,Client Name :,
,,,,3725,,tes45,,,,TEST1,,tester
,,230,,,,,,,,,,
,,,,3726,,tes45,,,,TEST1,,tester
,,231,,,,,,,,,,
,,,,3727,,tes45,,,,TEST1,,tester
,,232,,,,,,,,,,
,,,,3728,,tes45,,,,TEST1,,tester
,,233,,,,,,,,,,
,,,,3729,,tes45,,,,TEST1,,tester
,,234,,,,,,,,,,
,,,,3730,,tes45,,,,TEST1,,tester
,,235,,,,,,,,,,
,,,,3731,,tes45,,,,TEST1,,tester
,,236,,,,,,,,,,
,,,,3732,,tes45,,,,TEST1,,tester
,,237,,,,,,,,,,
,,,,3733,,tes45,,,,TEST1,,tester
,,238,,,,,,,,,,
,,,,3734,,tes45,,,,TEST1,,tester
,,239,,,,,,,,,,
,,,,3735,,tes45,,,,TEST1,,tester
,,240,,,,,,,,,,
,,,,3736,,tes45,,,,TEST1,,tester
,,241,,,,,,,,,,
,,,,3737,,tes45,,,,TEST1,,tester
,,242,,,,,,,,,,
,,,,3738,,tes45,,,,TEST1,,tester
,,243,,,,,,,,,,
,,,,3739,,tes45,,,,TEST1,,tester
,,244,,,,,,,,,,
,,,,3740,,tes45,,,,TEST1,,tester
,,245,,,,,,,,,,
,,,,3741,,tes45,,,,TEST1,,tester
,,246,,,,,,,,,,
,,,,3742,,tes45,,,,TEST1,,tester
,,247,,,,,,,,,,
,,,,3743,,tes45,,,,TEST1,,tester
,,248,,,,,,,,,,
,,,,3744,,tes45,,,,TEST1,,tester
,,249,,,,,,,,,,
,,,,3745,,tes45,,,,TEST1,,tester
,,250,,,,,,,,,,
,,,,3746,,tes45,,,,TEST1,,tester
,,251,,,,,,,,,,
,,,,3747,,tes45,,,,TEST1,,tester
,,252,,,,,,,,,,
,,,,3748,,tes45,,,,TEST1,,tester
,,253,,,,,,,,,,
,,,,3749,,tes45,,,,TEST1,,tester
,,254,,,,,,,,,,
,,,,3750,,tes45,,,,TEST1,,tester
,,255,,,,,,,,,,
,,,,3751,,tes45,,,,TEST1,,tester
,,256,,,,,,,,,,
,,,,3752,,tes45,,,,TEST1,,tester
,,257,,,,,,,,,,
,,,,3753,,tes45,,,,TEST1,,tester
,,258,,,,,,,,,,
,,,,,,,,,,,,
,,,,,,,Page,,9,,,
,,,,,,,,,,,,
,,,,,Book Serial NO:,,,,,,,
,,,Vehicle NO:,,,,,Safe Custody NO:,,,Client Name :,
,,,,3754,,tes45,,,,TEST1,,tester
,,259,,,,,,,,,,
,,,,3755,,tes45,,,,TEST1,,tester
,,260,,,,,,,,,,
,,,,3756,,tes45,,,,TEST1,,tester
,,261,,,,,,,,,,
,,,,3757,,tes45,,,,TEST1,,tester
,,262,,,,,,,,,,
,,,,3758,,tes45,,,,TEST1,,tester
,,263,,,,,,,,,,
,,,,3759,,tes45,,,,TEST1,,tester
,,264,,,,,,,,,,
,,,,3760,,tes45,,,,TEST1,,tester
,,265,,,,,,,,,,
,,,,3761,,tes45,,,,TEST1,,tester
,,266,,,,,,,,,,
,,,,3762,,tes45,,,,TEST1,,tester
,,267,,,,,,,,,,
,,,,3763,,tes45,,,,TEST1,,tester
,,268,,,,,,,,,,
,,,,3764,,tes45,,,,TEST1,,tester
,,269,,,,,,,,,,
,,,,3765,,tes45,,,,TEST1,,tester
,,270,,,,,,,,,,
,,,,3766,,tes45,,,,TEST1,,tester
,,271,,,,,,,,,,
,,,,3767,,tes45,,,,TEST1,,tester
,,272,,,,,,,,,,
,,,,3768,,tes45,,,,TEST1,,tester
,,273,,,,,,,,,,
,,,,3769,,tes45,,,,TEST1,,tester
,,274,,,,,,,,,,
,,,,3770,,tes45,,,,TEST1,,tester
,,275,,,,,,,,,,
,,,,3771,,tes45,,,,TEST1,,tester
,,276,,,,,,,,,,
,,,,3772,,tes45,,,,TEST1,,tester
,,277,,,,,,,,,,
,,,,3773,,tes45,,,,TEST1,,tester
,,278,,,,,,,,,,
,,,,3774,,tes45,,,,TEST1,,tester
,,279,,,,,,,,,,
,,,,3775,,tes45,,,,TEST1,,tester
,,280,,,,,,,,,,
,,,,3776,,tes45,,,,TEST1,,tester
,,281,,,,,,,,,,
,,,,3777,,tes45,,,,TEST1,,tester
,,282,,,,,,,,,,
,,,,3778,,tes45,,,,TEST1,,tester
,,283,,,,,,,,,,
,,,,3779,,tes45,,,,TEST1,,tester
,,284,,,,,,,,,,
,,,,3780,,tes45,,,,TEST1,,tester
,,285,,,,,,,,,,
,,,,3781,,tes45,,,,TEST1,,tester
,,286,,,,,,,,,,
,,,,3782,,tes45,,,,TEST1,,tester
,,287,,,,,,,,,,
,,,,,,,,,,,,
,,,,,,,Page,,10,,,
,,,,,,,,,,,,
,,,,,Book Serial NO:,,,,,,,
,,,Vehicle NO:,,,,,Safe Custody NO:,,,Client Name :,
,,,,3783,,tes45,,,,TEST1,,tester
,,288,,,,,,,,,,
,,,,3784,,tes45,,,,TEST1,,tester
,,289,,,,,,,,,,
,,,,3785,,tes45,,,,TEST1,,tester
,,290,,,,,,,,,,
,,,,3786,,tes45,,,,TEST1,,tester
,,291,,,,,,,,,,
,,,,3787,,tes45,,,,TEST1,,tester
,,292,,,,,,,,,,
,,,,3788,,tes45,,,,TEST1,,tester
,,293,,,,,,,,,,
,,,,3789,,tes45,,,,TEST1,,tester
,,294,,,,,,,,,,
,,,,3790,,tes45,,,,TEST1,,tester
,,295,,,,,,,,,,
,,,,3791,,tes45,,,,TEST1,,tester
,,296,,,,,,,,,,
,,,,3792,,tes45,,,,TEST1,,tester
,,297,,,,,,,,,,
,,,,3793,,tes45,,,,TEST1,,tester
,,298,,,,,,,,,,
,,,,3794,,tes45,,,,TEST1,,tester
,,299,,,,,,,,,,
,,,,3795,,tes45,,,,TEST1,,tester
,,300,,,,,,,,,,
,,,,3796,,tes45,,,,TEST1,,tester
,,301,,,,,,,,,,
,,,,3797,,tes45,,,,TEST1,,tester
,,302,,,,,,,,,,
,,,,3798,,tes45,,,,TEST1,,tester
,,303,,,,,,,,,,
,,,,3799,,tes45,,,,TEST1,,tester
,,304,,,,,,,,,,
,,,,5454,,5454,,,,5454,,5454
,,305,,,,,,,,,,
,,,,65-4567,,EFWDGF-2413434,,,,VDFG-34344,,THARANGA 
,,306,,,,,,,,,,
,,,,@#$%^,,@#$%^&*(,,,,#$%^&*(,,@#$%^
,,307,,,,,,,,,,
,,,,AA,,34567,,,,134,,TEST NAME
,,308,,,,,,,,,,
,,,,AAAA -AABB,,5456454,,,,87877,,AAAA TESTER
,,309,,,,,,,,,,
,,,,JPG - 54 54,,BSN 5454,,,,SCN 54 54,,JPG TESTER
,,310,,,,,,,,,,
,,,,JPG 0000,,JPG 0000,,,,JPG 0000,,JPG 0000
,,311,,,,,,,,,,
,,,,KX 44444,,DSD,,,,ASDASD,,PRIYANTHA
,,312,,,,,,,,,,
,,,,KX-8196,,20150511-BOOK S,,,,CUSTODY 25,,PRIYANTHA
,,313,,,,,,,,,,
,,,,MO 9752,,11111111111,,,,,,PRIYANTHA
,,314,,,,,,,,,,
,,,,MO9753,,456789,,,,455555,,PRIYANTHA
,,315,,,,,,,,,,
,,,,OO - 5656,,ASFAS4554ASF,,,,5454,,TEST CLIENT
,,316,,,,,,,,,,
,,,,,,,,,,,,
,,,,,,,Page,,11,,,
,,,,,,,,,,,,
,,,,,Book Serial NO:,,,,,,,
,,,Vehicle NO:,,,,,Safe Custody NO:,,,Client Name :,
,,,,SG - 1111,,B0012,,,,SC4545,,TEST CLIENT
,,317,,,,,,,,,,
,,,,SG - 2222,,NDHDH,,,,DHDH,,TEST CLIENT
,,318,,,,,,,,,,
,,,,SG - 3333,,4545,,,,SC7878,,"""MADHAWA "
,,319,,,,,,,,,,
,,,,SG - 4444,,BSN4545,,,,SCN5454,,'TEST NAME
,,320,,,,,,,,,,
,,,,SG - 5555,,BS4545,,,,SC,,MADHAWA 
,,321,,,,,,,,,,
,,,,SG - AAA - 1111,,5454,,,,5454,,MADHAWA 
,,322,,,,,,,,,,
,,,,SG ABC 7854,,BCN929256854,,,,SCN7896541,,TEST CLIENT
,,323,,,,,,,,,,
,,,,SG ABC-2552,,BC'''55'''''',,,,S'56''''',,MADHAWA 
,,324,,,,,,,,,,
,,,,SG CCC-2563,,BSN 1245877,,,,SCN 543855,,TEST CLIENT NAME
,,325,,,,,,,,,,
,,,,SG DDD - 4545,,BCN 4514(M'',,,,SFN TEST21,,MADHAWA 
,,326,,,,,,,,,,
,,,,SG SG - 3443,,BSN - 7896,,,,SCN 45896,,MADHAWA 
,,327,,,,,,,,,,
,,,,SG-8888,,BSN4545,,,,SCN4545,,MADHAWA TEST
,,328,,,,,,,,,,
,,,,TEST - 5454,,BCN 455,,,,SCN,,TEST CLIENT 
,,329,,,,,,,,,,
,,,,TRERTERT,,111,,,,1111,,QQQ'QQQQQQQQ
,,330,,,,,,,,,,
,,,,WP ABC 2532,,B1500,,,,K 1001,,SAMAN PERERA
,,331,,,,,,,,,,
,,,,WP CAA 3532,,A 1500''''',,,,K 001''',,K A I KURUPPU
,,332,,,,,,,,,,
,,,,WP CS-1265,,AZ12757,,,,K 1002,,K A  A PERERA
,,333,,,,,,,,,,
,,,,WP KA - 1050,,116505,,,,TEST,,PERERA 
,,334,,,,,,,,,,
,,,,WP KC 2536,,G 1101''',,,,G 2001'''',,G PERERA
,,335,,,,,,,,,,
,,,,WP TS - 0612,,233655,,,,12,,PERERA
,,336,,,,,,,,,,
,,,,,,,,,,,,
,,,,,,,Page,,12,,,
